Value1,Value2,Result
23,740,0.031081081
900,406,2.216748768
875,938,0.932835821
88,357,0.246498599
225,233,0.965665236
22,807,0.027261462
240,777,0.308880309
111,98,1.132653061
239,873,0.273768614
107,523,0.20458891
143,301,0.475083056
42,445,0.094382022
18,6,3
62,87,0.712643678
81,904,0.08960177
187,436,0.428899083
142,421,0.337292162
124,578,0.214532872
29,597,0.048576214
1,379,0.002638522
15,375,0.04
139,125,1.112
158,651,0.242703533
