Value1,Result
137,11.70469991
131,11.44552314
103,10.14889157
145,12.04159458
26,5.09901951
186,13.6381817
10,3.16227766
80,8.94427191
9,3
233,15.26433752
1,1
46,6.78232998
70,8.36660027
29,5.38516481
16,4
82,9.05538514
122,11.04536102
237,15.39480432
129,11.35781669
7,2.64575131
99,9.94987437
13,3.60555128
16,4
